model_key,model,mae,rmse,mape,smape,error_std,bias
ensemble,Ensemble (Holt + Prophet),15.922720580616925,21.98056885021681,4.9923374067280974,4.923631731714595,21.986632350920473,0.4921987237565662
hw,Holt-Winters,15.898665966674978,22.018845385131186,4.9764144651769735,4.913747192612645,22.024120983710947,0.5274831449764309
prophet,Prophet,28.479241788538378,40.03236661474638,7.46510520065841,7.313276210521412,39.94886469492378,-2.891105932326999
