model,mae,rmse,mape,smape
Ensemble (Holt + Prophet),19.15445764,26.23146219,6.509957083,6.60720386
Holt-Winters,19.23363397,26.31054887,6.534404818,6.620878038
Prophet,23.95700748,32.48463032,7.326287489,7.548072406
